0,1,2,3,4,5,6,7,8,9,10,11,12,13,14,15,16,17,18,19,20,21,22,23,24,25,26,27,28,29,30,31,32,33,34,35,36,37,38,39,40,41,42,43,44,45,46,47,48,49,50,51,52,53,54,55,56,57,58,59,60,61,62,63,64,65,66,67,68,69,70,71,72,73,74,75,76,77,78,79,80,81,82,83,84,85,86,87,88,89,90,91,92,93,94,95,96,97,98,99
0.0,0.8642845,1.1191541,0.0,0.0,2.738108,0.0,0.2555421,0.71120465,0.39515972,0.0,0.0,0.7184091,1.7777135,0.100182846,0.0,0.09357299,0.0,0.0,0.0,0.0,1.7230356,0.0,1.6420317,0.4682246,0.0028364304,0.9557092,0.062446635,0.09174394,0.0,0.0,0.35481414,0.0,0.0,0.0,1.3137352,0.0,0.0,0.0,0.0,0.9072948,0.7326286,1.2178816,0.26293278,0.0,3.6011395,2.3689222,0.2706578,2.8115082,2.2441223,1.090386,0.0,0.0,0.0,2.1778595,0.0,0.0,1.6279353,2.0791845,0.23669302,0.0,0.065096386,0.579336,0.22216779,0.637677,0.7646624,0.0,0.0,3.9744606,0.0,0.0,2.1129792,0.0,0.0,2.0440683,0.03344373,0.0,0.0,0.0,0.22254229,0.0,2.0449424,0.0,0.0,0.0,2.9945972,0.0,1.833903,0.91429263,0.0,2.9758599,0.3288763,0.0,0.0,0.0,0.33429897,2.0960002,0.84405255,0.0,0.0
1.8640459,0.0,0.0,0.0,0.0,0.0,0.0,0.26144198,0.0,0.0,1.4563926,0.0,0.0,0.0,0.0,0.0,0.1343595,1.6788462,0.0,0.0,0.36057124,0.0,0.0,0.0,0.0,0.0,0.0,0.32848537,0.0,0.2535786,0.0,1.6867715,0.0,0.79789394,0.0,0.0,1.1905073,0.0,0.0,0.0,0.0,0.3698655,0.0,0.06593257,0.3823042,0.0,0.52972275,0.0,0.3555077,0.0,0.0,0.0,0.70685035,0.0,1.0423849,0.0,0.0,0.0,0.0,1.2700258,0.4533268,1.2635292,0.0,0.31880414,0.0,0.81479204,0.14786531,0.9602393,0.0,0.0,0.72691447,0.036339026,0.0,0.580003,0.0,0.0,0.25721732,0.6807238,0.5461189,0.0,0.020519521,0.0,0.0,0.9805601,0.0,0.0,0.0,0.0,0.06177753,0.0,0.0,0.0,0.0,0.02143094,0.0,0.0,0.0,0.0,0.0,0.22551154
1.3917361,0.26678985,0.0,0.29956234,0.0,0.39144382,0.0,1.294645,0.0,0.0,0.92205435,0.0,0.0,0.0,0.26433262,0.0,0.8132246,2.993996,0.0,0.0,0.4106119,0.0,0.0,0.0,0.0,0.0,0.0,0.4118165,0.0,0.0,0.0,1.5325222,0.0,0.7946002,0.0,0.0,1.953011,0.3818497,0.0,0.0,0.09498554,0.1408578,0.81387013,0.64855313,0.12327315,0.34416264,0.4280653,0.0,0.0,0.0,0.0,0.0,0.6318125,0.71841407,0.78195167,0.0,0.0,0.0,0.26987916,1.3597543,1.1581644,0.9436501,0.0,0.15975301,0.3497591,1.7222252,0.667207,1.6462601,0.0,0.0,1.1944438,0.0,0.0,0.9834072,0.0,0.82013524,0.9902717,0.87113345,0.7706618,0.0,0.90475124,0.0,0.0,0.82694364,0.0,0.0,0.0,0.0,0.30208272,0.0,0.22491255,0.7665953,0.0,0.0,0.0,0.0,0.0,0.0,0.0,0.0
0.63089395,0.05111395,0.0,0.0,0.0,0.0,0.0,0.8722106,0.6834868,0.0,0.0082439175,0.0,0.5752186,0.4080012,0.30516395,0.0,1.313273,0.18607947,0.0,0.0,0.08864562,0.0,0.0,0.0,0.0,0.35316765,0.040535968,0.12988634,0.00182844,0.99218017,0.0,0.14329611,0.0,0.0,0.0,0.0,0.9841347,0.0,0.0,0.0,0.0,0.7174465,0.57789457,0.5649532,0.0,0.33475462,0.87995327,0.0,0.0,0.0,0.0,0.15148753,0.09351077,0.7027243,0.0,0.17669547,0.0,0.0,0.51461077,0.0,0.13467662,0.0,0.50924,0.0,0.0,0.9885359,0.0,0.0,0.4863294,0.0,0.35995594,0.7290585,0.8448982,0.25958782,1.2913661,0.28523248,0.0,0.0,0.0,0.0,0.0,0.0,0.18768395,0.15874673,0.0,0.74192005,0.0,0.08926655,0.35878295,0.27615222,0.05185122,0.0,0.0,0.7030542,0.0,0.58149946,0.0,0.0,0.0,0.0
0.5367428,0.49415427,0.076271184,0.5064214,0.0,0.0,0.0,0.33362237,0.37954327,0.0,0.0,0.0,0.0,0.22108522,0.0009354935,0.089928634,0.0,0.76643956,0.0,0.0,0.26983434,0.0,0.0,0.6577979,0.3207891,0.10265349,0.23405841,0.43712932,0.04167966,0.0,0.0,0.0,0.13009837,0.0,0.0,0.0,0.13661897,0.6649059,0.0010047061,0.7553107,0.138491,0.39947933,0.14630717,0.0,0.0,0.13731112,0.18947749,0.0,0.4229542,0.3598853,0.13349974,0.13557935,0.32670552,0.0,0.0,0.0,0.0,0.0,0.0,0.30851296,0.5211129,0.19544533,0.14644095,0.5635488,0.0,0.8067533,0.0,0.0,0.0,0.0,0.0,0.0,0.0,0.0925667,0.386887,0.0,0.0,0.07405883,0.0,0.0,0.0,0.0,0.3252656,0.16186635,0.54887706,0.0,0.18805717,0.0,0.0,0.0,0.0,0.056304704,0.0,0.0,0.39406213,0.083144486,0.029293034,0.09809143,0.0,0.04935769
2.7039962,0.36123943,0.0,0.0,0.0,0.23346858,0.0,0.48202616,0.48930055,0.0,1.5676161,0.0,0.18254212,0.0,0.6091374,0.0,0.0,2.0081942,0.0,0.2318644,0.91922814,0.0,0.0,0.0,0.18836759,0.0,0.0,1.6253258,0.0,0.0,0.0,2.0936084,0.0,1.4315429,0.0,0.0,1.9584162,0.0,0.0,0.0,0.0,0.48134986,0.18447156,0.67510647,0.0,0.64938164,0.57240784,0.0,0.0,0.0,0.13028753,0.24907196,1.212974,0.0,0.68106043,0.0,0.0,0.0,0.0,1.3106107,0.7870368,2.0154932,0.31848285,0.77221763,0.0,1.2456932,0.14754128,1.336651,0.0,0.0,1.5061452,0.041111585,0.0,1.1004356,0.0,0.33685735,0.50643104,1.0629909,0.1807457,0.0,0.586436,0.0,0.7328524,1.1820741,0.0,0.0,0.0,0.0,0.0,0.0,0.0,0.26040563,0.0,0.0,0.0,0.35917482,0.0,0.0,0.0,0.0
0.4347399,0.30318964,0.29961845,0.0,0.0,0.7413572,0.0,1.083599,0.0,0.0,0.0,0.0,0.21659774,0.063280135,0.0,1.0887178,0.054012988,0.0,0.0,0.0,0.0,0.37072933,0.0,1.1495677,0.7362621,0.0,1.5417901,0.0,0.5448272,0.0,0.0,0.0,0.0,0.0,0.0,0.922053,0.14552197,0.0,0.0,0.86380154,0.0,0.8361668,0.66538686,0.13765748,0.0,1.2035338,1.5924462,0.0,0.48006245,0.0,0.9575617,0.0,0.0,0.0,0.77624846,0.0,0.0,0.16783705,1.657389,1.1439186,0.0,0.0,0.0,0.0,0.826119,0.82834387,0.0,0.0,0.96699274,0.0,0.0,0.6285704,0.0,0.14587115,1.2873845,0.072373934,0.0,0.0,0.0,0.42172745,0.0,0.21165708,0.0,0.0,0.0,0.15988725,0.0,0.0,0.0,0.0,0.44624177,0.0,0.0,0.0,0.0,0.0,1.3740125,0.9053348,0.0,0.0
2.1854672,0.2647593,0.0,0.0,0.0,0.23554629,0.0,0.79005593,0.0,0.0,0.20669739,0.0,0.0,0.0,0.0,0.0,0.91976917,0.47060806,0.0,0.0,0.52419215,0.16487096,0.0,0.0,0.0,0.32752198,0.0,0.6101243,0.0,0.716884,0.20384371,0.2635628,0.0,0.015160741,0.0,0.0,1.8831254,0.0,0.0,0.0,0.0,0.0,0.66773564,0.0,0.0,0.16679823,0.5966443,0.0,0.0,0.2553214,0.0,0.0,0.8531319,0.8035882,0.5818881,0.0,0.0,0.0,0.0,0.15025191,0.7274325,0.79794097,0.9966327,0.15620647,0.0,1.2362492,0.29449743,0.27503264,0.0,0.0,0.19889857,0.3940835,0.0,1.0865159,0.68893856,0.29482177,0.0,0.0,0.0,0.0,0.0,0.0,0.0,0.73327166,0.0,0.16661935,0.019793883,0.9017349,0.0,0.35998654,0.12941937,0.0,0.0,0.38725334,0.0,0.0,0.0,0.0,0.0,0.0
0.0,0.0,0.38009351,0.32222548,0.28171906,1.1101898,0.0,0.5568458,0.60387105,0.46395278,0.0,0.0,0.22690976,0.0,0.8048645,0.73836035,0.0,0.0,0.0,0.0,0.0,0.5856151,0.0,0.6213256,0.0,0.0,0.5795315,0.13730338,0.47615257,0.0,0.0,0.0,0.0,0.0,0.0,0.5336204,0.0,0.4329532,0.0,0.0,0.0,0.22689554,0.4233049,0.47893736,0.0,1.0791712,0.89987254,0.0,0.42303333,0.718954,0.36110774,0.0,0.0,0.0,0.62241447,0.0,0.0,0.1527964,0.20719263,0.03480419,0.0,0.32992002,0.017922213,0.0,0.3904905,0.9417386,0.0,0.0005243102,0.60619235,0.0,0.0,0.053787645,0.0,0.087754816,0.939652,0.0,0.0,0.0,0.0,0.25632903,0.0,0.15673725,0.0,0.0,0.0,1.2897168,0.0,0.19025594,0.0,0.0,0.7186608,0.78321826,0.0,0.0,0.0,0.19550444,0.84704626,0.28380805,0.0,0.028002976
1.8848871,0.2729824,0.0,0.0,0.0,0.10232596,0.0,0.38042718,0.0,0.0,0.5982437,0.0,0.16508187,0.0,0.1862862,0.65001875,0.0,1.447723,0.0,0.05848283,1.0065985,0.0,0.0,0.0,0.055654712,0.0,0.0,1.1446991,0.0,0.56647086,0.0,1.7223284,0.0,1.4139676,0.0,0.0,0.9505232,0.0,0.0,0.0,0.0,1.04064,0.2601733,0.0,0.0,0.19187653,0.6880546,0.0,0.2502164,0.1332408,0.099882744,0.0,1.272623,0.048624836,0.79702485,0.061260626,0.0,0.0,0.0,1.2871805,0.573148,2.1993804,0.0,0.7884239,0.0,1.0718436,0.055621486,1.2097309,0.0,0.0,1.8876612,0.0,0.0,1.0232943,0.0,0.39642423,0.0,0.67757773,0.0,0.0,0.0,0.0,0.0,1.3019128,0.0,0.0,0.0,0.40975457,0.0,0.24135165,0.07864545,0.23954311,0.0,0.0,0.0,0.55367017,0.32578942,0.0,0.0,0.0
1.3942585,0.8087456,0.0,0.0,0.0,0.06267397,0.0,0.4702338,0.02931468,0.0,0.43589753,0.0,0.3958332,0.0,0.8181733,0.10659591,0.0,1.9540817,0.0,0.0,0.3742326,0.0,0.0,0.0,0.0,0.0,0.0,0.6280765,0.0,0.36358756,0.0,0.8307732,0.0,0.46286887,0.0,0.0,1.2976973,0.0,0.0,0.0,0.0,0.0,0.018328497,0.122769564,0.0,0.0,0.3261786,0.0,0.0,0.1097259,0.07277072,0.0,0.56791705,0.11244078,0.2839846,0.11454813,0.0,0.0,0.0,0.6729491,0.5884047,1.2898288,0.070932254,0.38189363,0.0,0.9578535,0.06789328,0.8043152,0.0,0.0,1.1678412,0.0,0.0,0.75697124,0.0,0.0,0.0,0.8682552,0.22751376,0.0,0.39845082,0.0,0.0,1.0943031,0.0,0.0,0.8354306,0.0,0.0,0.0,0.19561698,0.0,0.0,0.0,0.0,0.106305234,0.0,0.0,0.0,0.0
0.7575499,0.0,0.0,0.0,0.0,0.0,0.0,0.6092993,0.0,0.0,0.97419435,0.0,0.45292616,0.19987515,0.62146556,0.0,0.49554604,1.9619079,0.16001673,0.0,0.0,0.0,0.0,0.0,0.041373987,0.0,0.0,0.33888236,0.0,0.0,0.0,1.2231786,0.0,0.6656349,0.0,0.0,0.61788553,0.0,0.0,0.0,0.0,0.039029233,0.35544264,0.10817799,0.0,0.0,0.4779192,0.0,0.4884342,0.0,0.0,0.65024656,0.50153446,0.0,0.0,0.14092797,0.0,0.0,0.0,0.6654232,0.23066759,1.0703365,0.5687752,0.06729051,0.0,1.3050201,0.0,1.4343243,0.0,0.0,1.0120853,0.0,0.0,0.2708732,0.38712656,0.81523424,0.0,0.2648075,0.0,0.0,0.0,0.0,0.11048649,1.1041675,0.0,0.0,0.0,0.18646917,0.0,0.0,0.0,0.0,0.0,0.0,0.0,0.0,0.0,0.0,0.0,0.15820004
1.3938895,0.0,0.0,0.0,0.0,0.0,0.0,0.1667907,0.4477271,0.0,0.49709824,0.0,0.06296818,0.35880387,0.054660216,0.0,0.0,1.2012771,0.0,0.19264793,0.20030947,0.0,0.112257406,0.0,0.0,0.0,0.27648583,0.06366609,0.0,0.0016481515,0.0,0.64064914,0.0,0.4247144,0.0,0.0,0.77085304,0.0,0.0,0.0042813634,0.0,0.0,0.0,0.06474127,0.09819735,0.0,0.38718843,0.0,0.6058816,0.42349803,0.24303253,0.0,0.3109756,0.07647055,0.26632902,0.0,0.15558173,0.0,0.14339067,0.387823,0.0,0.3280821,0.0,0.033033457,0.0,0.7370252,0.0,0.46487662,0.0,0.0,0.3557047,0.0,0.0,0.297586,0.061238438,0.0,0.0,0.22723189,0.008663431,0.0,0.23972526,0.0,0.0,0.5584779,0.0,0.10241478,0.2885839,0.0,0.0,0.3840395,0.0,0.0,0.0,0.36868092,0.0,0.0,0.0,0.0,0.0,0.7970878
0.9667273,0.0,0.0,0.530685,0.0,0.0,0.0,0.70617765,0.0,0.120859124,0.0,0.0,0.0,0.0,0.10188939,0.0,0.0,1.7096684,0.23505253,0.0,1.1963317,0.0,0.0,0.0,1.149749,0.0,0.0,0.7891432,0.0,0.17899205,0.0,0.0,0.0,0.3292349,0.0,0.21412852,0.0,0.0,0.35367545,0.0,0.4929194,0.19850112,0.6055749,0.0,0.0,0.6675833,0.061657712,0.0,0.04820051,0.29993477,0.7522618,0.0,0.5211262,0.0,0.0,0.0,0.0,0.0,0.0,0.57283825,1.3434974,1.5089428,0.46123913,0.41752645,0.0,0.0,0.0,0.9502877,0.0,0.0,0.28069094,0.0,0.0,0.8634908,0.0,0.9527415,0.14061695,0.9004693,0.0,0.0,0.0,0.0,0.49002776,0.9743052,0.25356147,0.0,0.0,0.0,0.0,0.0,0.0,0.45633656,0.0,0.0,0.0,0.51342374,0.455396,0.013618828,0.0,0.097242095
0.14404866,0.97103095,1.0710453,0.0,0.0,1.9798253,0.009772354,0.7519294,0.44387078,0.0,0.0,0.0,0.48567224,0.96139604,0.0,0.839585,0.03427397,0.0,0.0,0.0,0.0,0.87891114,0.0,1.4383005,0.7261204,0.06696399,1.1786134,0.0,1.1541758,0.0,0.0,0.0,0.0,0.0,0.0,1.1573817,0.0,0.0,0.0,0.0,0.4351354,0.29425082,0.5920017,0.09193385,0.0,2.5176,1.6571355,0.81055117,1.6349382,1.3198575,1.5259335,0.0,0.0,0.0,1.8747962,0.34422114,0.0,1.4647737,1.4672003,0.68020827,0.0,0.44654873,0.19418609,0.07769642,1.2732623,1.690257,0.0,0.0,2.0352707,0.0,0.0,1.158025,0.0,0.0,1.5628048,0.0,0.0,0.0,0.0,0.0,0.0,1.3809998,0.0,0.0,0.0,2.2489924,0.0,1.0563053,0.41622463,0.0,1.5033283,0.0,0.0,0.0,0.0,0.3026207,1.8531816,0.94969,0.0,0.0
0.31694314,2.671732,1.3465004,0.0,0.0,3.375767,0.0,1.4433787,0.87554514,0.8840265,0.0,0.0,1.1385152,1.5869113,0.0,0.360255,1.5223705,0.0,0.0,0.0,0.0,0.55178446,0.0,1.2342725,0.12493458,0.9411314,1.1596693,0.0,1.456408,0.0,0.0,0.18278776,0.0,0.0,0.0,1.8661456,0.8292409,0.3099801,0.0,0.0,0.93955845,0.6584803,1.8062919,1.6301447,0.0,4.226447,2.7873514,0.0,3.767928,1.3599412,1.058231,0.0,0.20181552,0.0,3.0712824,0.0,0.0,2.0176575,1.7933787,0.65016574,0.0,0.0,1.2382516,0.0,1.68023,2.142049,0.0,0.0,3.5439675,0.0,0.0,3.518187,0.0,0.1029813,3.6158626,0.34599546,0.0,0.0,0.0,0.0,0.0,3.1859066,0.0,0.0,0.0,4.341059,0.0,1.7384776,0.0,0.0,2.277184,0.9773205,0.0,0.0,0.0,1.365876,3.2144492,2.1306248,0.37940264,0.0
2.4840364,1.4259163,0.0,1.2583284,0.0,0.0,0.0,3.0194042,0.0,0.0,0.0,0.0,0.494534,0.0,0.0,0.95201623,0.0,6.4852777,0.0,0.0,2.2215762,0.0,0.0,0.0,4.304738,0.0,0.0,2.4844525,0.0,0.0,0.0,4.5458655,0.0,0.6293427,0.0,0.0,0.0,0.056064114,0.82064295,4.3261003,0.63321245,3.0908678,1.8724328,0.613774,0.0,1.7126822,2.638699,0.0,0.0,0.0,0.77053505,0.0,2.834598,0.0,0.36089662,0.0,0.0,0.0,0.0,2.716661,3.0854194,4.6385674,0.0,2.6500137,0.0,1.4700959,0.89019775,2.704741,0.0,0.0,3.4577596,0.0,0.0,3.248867,0.0,3.13333,0.0,4.056431,0.0,0.0,0.0,0.0,1.106136,1.433147,0.15849571,0.0,0.24740016,0.0,0.0,0.0,0.0,2.7442162,0.0,0.0,0.5657441,0.67900527,0.0,0.90614736,0.0,0.0
1.0406721,0.06285819,0.0,0.26000223,0.0,0.23042557,0.26475763,0.72458017,0.49982938,0.0,0.30161485,0.0,0.0,0.047233853,0.0,0.0,0.0,1.9784576,0.073012434,0.0,0.9425377,0.0,0.0,0.0,0.2912261,0.0,0.0,0.7409653,0.0,0.0,0.0,1.2731284,0.0,1.0274019,0.0,0.0,0.41525784,0.0,0.0,0.0,0.0,1.0791509,0.17296748,0.0,0.0,0.0,0.3393009,0.0,0.0050756126,0.67653793,0.0,0.0,0.9033758,0.02660268,0.9653958,0.0,0.0,0.0,0.0,0.6690736,1.0368383,0.661314,0.15937486,0.5899873,0.0,0.94313973,0.0,0.99951184,0.0,0.0,0.6106908,0.0,0.0,0.35415366,0.18539736,0.3938718,0.042082816,1.09461,0.0,0.0,0.15754446,0.0,0.0,0.8944755,0.0,0.0,0.0,0.6232286,0.0,0.25709313,0.20990643,0.0,0.0,0.8530068,0.0,0.0,0.0,0.0,0.09266959,0.1606493
0.0,1.1983526,1.947039,0.0,0.0,2.806647,0.0,0.33322766,0.82548016,0.0597217,0.0,0.0,0.7112811,1.8651121,0.0,0.5462041,0.0,0.0,0.0,0.0,0.0,1.6655307,0.0,2.7433612,0.95297986,0.0,1.7586066,0.0,1.1944561,0.0,0.0,0.058069706,0.0,0.0,0.0,1.5636197,0.0,0.0,0.0,0.0,0.89984107,1.1455307,1.4286014,0.0,0.0,4.4296618,2.607809,1.2407097,2.505689,1.9081604,1.2509224,0.0,0.0,0.0,2.7396326,0.6157894,0.0,2.1718752,2.9439662,0.8062105,0.0,0.037059825,0.07083188,0.27948588,1.4588431,1.7903379,0.0,0.0,4.1609607,0.0,0.0,2.0426803,0.0,0.0,1.9734725,0.0,0.0,0.0,0.0,0.6476696,0.0,2.4809113,0.0,0.0,0.0,2.9724314,0.0,1.3205996,0.23202194,0.0,2.4725368,0.08022943,0.0,0.0,0.0,0.0,2.9591966,1.410484,0.0,0.0058005066
1.6561507,0.35994923,0.0,0.0,0.0,0.0,0.39263466,0.87941873,0.0,0.0,0.10079517,0.0,0.0,0.0,0.0,0.097340584,0.20955573,0.8237515,0.0,0.0,0.5714193,0.0,0.21549062,0.0,0.0,0.2693435,0.0,0.91188943,0.0,0.0,0.0,0.34959012,0.0,0.1609401,0.0,0.0,1.1129291,0.0,0.0,0.0,0.0,0.3089716,0.28100604,0.0,0.0,0.0,0.5369962,0.0,0.4375966,0.32120705,0.0,0.0,0.6729766,0.43787447,0.36183512,0.042885795,0.0,0.0,0.0,0.7189256,0.24981472,0.6227291,0.0,0.22093669,0.0,0.78000444,0.0013999341,0.81478244,0.0,0.0,1.0882711,0.0,0.0,0.5902068,0.6366388,0.0,0.0,0.13991663,0.0,0.0,0.32572117,0.0,0.0,0.3950748,0.0,0.0,0.4388128,0.4689713,0.0,0.70306265,0.043842986,0.0,0.0,0.6983093,0.0,0.0,0.0,0.0,0.28043815,0.0
0.72673327,0.3209323,0.23398598,0.18753923,0.0,1.0054407,0.0,0.0,0.06963284,0.29682997,0.0,0.0,0.0,0.0,0.0,0.10625032,0.39385685,0.81224424,0.0,0.7370789,0.0,0.04759873,0.0,0.0,0.23250425,0.1279287,0.5013658,0.28847805,0.0,0.0,0.0,0.067028105,0.0,0.13759466,0.1501657,0.05970519,0.021994013,0.96501505,0.20528616,0.39076135,0.0,0.0,0.58185774,0.4199134,0.0,0.965579,0.07314037,0.0,0.4076058,0.35437748,0.2810652,0.0,0.026428526,0.0,0.761306,0.0,0.0,0.0,0.0257029,0.0,0.0,0.2891366,0.30123547,0.4935853,0.0,0.4043307,0.0,0.0,0.0,0.0,0.0,0.14291997,0.37539318,0.27163413,0.22635636,0.22345905,0.0,0.0,0.0,0.0,0.0,0.0,0.0,0.0,0.16121848,0.03741486,0.5401757,0.0,0.0,0.0,0.0,0.7892945,0.39487824,0.17366473,0.0,0.3021771,0.23344639,0.2922158,0.0,0.0
1.1645641,0.7109515,0.0,0.0,0.0,1.035901,0.0,1.5294695,0.9496518,0.527037,0.0,0.0,0.5802045,0.74079186,0.0075115697,0.0,1.1614318,0.0,0.0,0.0,0.0062731374,0.6940736,0.0,0.0,0.0,0.5234161,0.0,0.0,0.0,0.016962029,0.0,0.093592614,0.0,0.0,0.38162526,0.0,1.2500509,0.0,0.0,0.0,0.0,0.0,0.77001655,0.18507427,0.0,0.5722341,0.78322285,0.0,1.101147,0.96641785,0.1594739,0.0,0.0,0.09761808,0.6815885,0.0,0.0,0.0,0.45525932,0.0,0.0,0.0,1.1894537,0.0,0.0,0.48028222,0.39969566,0.0,0.91242033,0.038731743,0.0,1.7032737,0.0,0.1665869,1.1941571,0.36764076,0.0,0.0,0.0,0.0,0.0,0.73079014,0.0,0.0,0.0,0.8385479,0.0,0.821257,0.52265036,0.2369689,0.8567988,0.0,0.0,0.09797506,0.0,0.1470862,0.0,0.0,0.52628285,0.0
1.0379101,0.3409193,0.0,0.0,0.0,0.17221926,0.0,0.13776664,0.111409396,0.048334315,0.42291832,0.0,0.0,0.0,0.17820069,0.0,0.50914365,0.6108844,0.0,0.0,0.18825792,0.07927764,0.0,0.0,0.0,0.2681123,0.0,0.0,0.0,0.5241413,0.0,0.0,0.0,0.5971831,0.0,0.0,1.0730722,0.0,0.0,0.0,0.042282116,0.024811141,0.11508593,0.12159294,0.07191605,0.5537622,0.387048,0.0,0.14123255,0.42394337,0.0,0.0,0.2607771,0.5953498,0.05827708,0.0,0.0,0.0,0.0,0.17594148,0.22611722,0.0,0.78444254,0.0,0.0,0.072690934,0.17643028,0.0,0.0,0.0,0.055353478,1.0002291,0.4077939,0.2447442,0.36741862,0.3704446,0.0,0.024374079,0.29869813,0.0,0.40772077,0.0,0.0,0.6342752,0.0,0.14927444,0.3920488,0.4226322,0.0,0.0,0.43987924,0.0,0.0,0.035821527,0.0,0.0,0.0,0.0,0.0,0.0
3.248587,0.0,0.0,0.7544441,0.0,0.0,0.0,1.0998629,0.0,0.0,0.59930587,0.0,0.0,0.3190466,0.0,0.43475023,0.0,4.019357,0.0,0.39648372,2.23164,0.0,0.0,0.0,1.4928143,0.0,0.0,1.8972154,0.0,0.0,0.0,3.6650002,0.0,2.2182126,0.0,0.0,0.0,0.0,0.0,0.0,0.0,1.7755841,1.2540816,1.3202397,0.26599038,0.024784477,2.4437625,0.0,0.0,0.279344,0.0,0.0,1.9398838,0.0,1.4735619,0.0,0.0,0.0,0.0,2.2277672,0.58428675,3.927425,0.0,2.0593677,0.0,1.7263255,0.15159836,2.991921,0.0,0.0,2.3597033,0.0,0.0,2.127874,0.0,1.9374331,0.45280835,2.8802354,0.0,0.0,0.0,0.0,0.0,2.1284237,0.0,0.0,0.0,0.6127893,0.0,0.0,0.25447103,0.6933951,0.0,0.0,0.0,0.87024,0.83216065,0.0,0.0,0.13980539
0.0,0.6954419,0.92956686,0.0,0.0,1.6760485,0.0,0.5583867,0.47000614,0.1683163,0.0,0.0,0.110669285,0.6269435,0.31956178,0.75385594,0.0,0.0,0.0,0.0,0.0,0.47359794,0.0,0.7908236,0.6130294,0.10861642,0.64472365,0.0,0.27141252,0.0,0.0,0.23168574,0.0,0.0,0.0,0.7197036,0.0,0.0,0.0,0.0,0.0,0.25197974,0.5216344,0.088621005,0.0,1.8441054,0.4346081,0.0,1.17021,1.3354623,0.557179,0.0,0.0,0.0,0.95582336,0.64603704,0.0,0.68328834,0.5515978,0.6922942,0.0,0.0,0.24726665,0.16787226,0.4206269,0.7221387,0.0,0.0,1.3400564,0.0,0.0,0.73860466,0.0,0.0,1.0204506,0.0,0.0,0.0,0.0,0.46947503,0.0,0.4208596,0.0,0.0,0.0,1.7259753,0.0,0.642005,0.050737273,0.0,1.1397458,0.56725025,0.0,0.0,0.0,0.02252101,0.8610288,0.29357824,0.0,0.0
1.8542452,0.49118835,0.0,0.042223264,0.0,0.0,0.0,0.42853364,0.30134478,0.0,0.47309706,0.0,0.0,0.0,0.03856574,0.0,0.039169405,1.0635726,0.0,0.0,0.90564054,0.0,0.0,0.0,0.0,0.0,0.0,0.48929554,0.0,0.0,0.26297045,0.08273375,0.0,0.24757276,0.0,0.0,1.2736138,0.0,0.0,0.0,0.0,0.08045348,0.47139886,0.0,0.021907846,0.0,0.5421473,0.0,0.20702827,0.19167092,0.0,0.0,0.6784938,0.9473036,0.62539107,0.03231004,0.0,0.0,0.0,0.54442376,0.0,0.8239768,0.0,0.204211,0.0,0.94523466,0.0,0.712566,0.0,0.0,0.44505504,0.0,0.0,0.4595705,0.0,0.4334277,0.0,0.3225694,0.129018,0.0,0.31933907,0.0,0.0,0.88006943,0.0,0.0,0.12798332,0.18664476,0.0,0.24779572,0.0,0.0,0.0,0.0,0.0,0.38805786,0.0,0.0,0.0,0.0
0.500697,0.21389323,0.0,0.6896198,0.0,0.27669945,0.12867427,0.5333669,0.2020219,0.0,0.0,0.0,0.23324603,0.09884919,0.2479191,0.10605081,0.0,1.2159903,0.0,0.0,0.39122793,0.015431612,0.0,0.024533173,0.80474913,0.0,0.11084899,0.2858078,0.0,0.0,0.0,0.20728618,0.02367905,0.0,0.30117866,0.20416315,0.0,0.31007525,0.5975345,1.0464013,0.0,0.32298696,0.52991813,0.16902423,0.0,0.86500716,0.0,0.0,0.39002916,0.47715083,0.34864497,0.0,0.10211413,0.0,0.58977723,0.0,0.0,0.0,0.0,0.4130506,0.4128713,0.0,0.0,0.39133197,0.0,0.595965,0.213392,0.0,0.0,0.111511104,0.0,0.0,0.0,0.706584,0.0,0.0,0.33179733,0.0,0.0,0.038991183,0.23892865,0.0,0.0249519,0.14947711,0.055605177,0.71449804,0.11849032,0.035286907,0.0,0.0,0.048301943,0.17906277,0.37266216,0.0,0.0,0.0,0.034193054,0.3224385,0.0,0.04921732
0.4264698,0.47383463,0.68798745,0.0,0.0,1.6653044,0.31331182,0.6793158,0.15795957,0.15240291,0.0,0.0,0.1858564,0.0,0.0,0.0,0.37871316,0.0,0.0,0.0,0.0,0.87276566,0.0,0.7112782,0.2149443,0.17113397,1.2197896,0.25992915,0.2544823,0.0,0.0,0.0,0.0,0.0,0.3410974,0.5890761,0.19440913,0.5206623,0.0,0.0,0.589073,0.0,0.0,0.8666533,0.0,1.6421641,1.2856141,0.0,1.0638195,1.2235647,1.0432019,0.0,0.17017893,0.0,0.8611429,0.32066622,0.0,0.79054636,0.84767145,0.0,0.0,0.15819238,0.29579553,0.0,0.7434261,0.55881745,0.0,0.0,1.1255718,0.0,0.0,1.0640802,0.0,0.0,0.8543215,0.23802193,0.0,0.0,0.0,0.0,0.0,1.0177324,0.0,0.0,0.0,1.6115919,0.26037446,0.6461266,0.7612665,0.0,1.270294,0.0,0.0,0.0,0.0,0.36104622,0.86106515,0.23961419,0.0,0.0
0.03806776,0.18632005,0.0,0.39376792,0.0,0.38340402,0.0,0.96195114,0.11921534,0.42250693,0.0,0.0,0.3765214,0.12305257,0.22553994,1.1977185,0.0,0.0,0.0,0.0,0.26003858,0.0,0.0,0.56789786,0.43417057,0.0,0.4161077,0.44168913,0.21984355,0.0,0.0,0.049306646,0.0,0.0,0.0,0.70455444,0.0,0.07877673,0.028647892,1.3273168,0.0,0.0,0.36485556,0.0,0.0,0.8971636,0.2827605,0.02196779,0.27541178,0.0,0.53956723,0.0,0.31821153,0.0,0.40885636,0.16682704,0.0,0.0,0.0531306,0.65931064,0.0,0.023495419,0.0,0.0,0.0,0.37417665,0.0,0.0,0.0,0.0,0.0,0.0,0.0,0.009734177,0.32595375,0.0,0.0,0.056962367,0.0,0.0,0.0,0.0,0.0,0.0,0.0,0.18505283,0.31369668,0.0,0.0,0.0,0.031914495,0.44316274,0.0,0.0,0.0,0.0,0.44695935,0.22601701,0.0,0.06394393
2.1247902,0.453034,0.0,0.0,0.0,0.0,0.0,0.49276054,0.0,0.0,0.69125664,0.0,0.0,0.0,0.0,0.0,0.17793815,1.6904932,0.0,0.0023186242,0.4219768,0.105127566,0.0,0.0,0.0,0.1347866,0.0,0.35244066,0.0,0.0,0.0,0.4954877,0.0,0.18971725,0.0,0.0,1.2838528,0.0,0.0,0.014971283,0.0,0.34631154,0.25687137,0.0,0.14200021,0.0,0.3141684,0.0,0.05723734,0.11744643,0.0,0.0,0.7421786,0.16642493,0.6810288,0.0,0.0,0.0,0.0,0.9395193,0.5764055,0.9164712,0.0,0.47170112,0.0,0.9271924,0.30262256,0.54405075,0.0,0.0,0.56858516,0.0,0.0,0.295395,0.0,0.0,0.0,0.3981162,0.0,0.0,0.16225983,0.0,0.0,0.503992,0.0,0.0,0.09609693,0.0,0.0,0.687254,0.0,0.0,0.0,0.0,0.0,0.0,0.0,0.0,0.0,0.1653346
0.0,0.7243071,0.04521892,0.0,0.0,1.0921892,0.0,0.3630698,0.024624122,0.34797654,0.0,0.0,0.17198956,0.1883327,0.28873736,0.20243506,0.15035842,0.04556745,0.0,0.0,0.0,0.47218162,0.0,0.40556622,0.30381626,0.028857725,0.64008546,0.2508057,0.0,0.0,0.0,0.0,0.0,0.0,0.0,0.52895856,0.0,0.0,0.0,0.0,0.0,0.41725215,0.45822105,0.02025901,0.0,1.4380186,0.6795806,0.0,1.4226421,0.5677647,0.57097936,0.0,0.0,0.0,0.5397755,0.0,0.044851996,0.51432264,0.20529597,0.48251832,0.0,0.0,0.5616564,0.09482957,0.53151697,0.23150009,0.0,0.0,0.8880794,0.0,0.0,0.7273012,0.0,0.09607679,1.358925,0.0,0.0,0.0,0.0,0.21272716,0.0,0.0,0.0,0.0,0.027687376,1.3608452,0.06511217,0.78040385,0.26940098,0.0,0.8703384,0.25000426,0.0,0.0,0.0,0.6047623,0.70044374,0.068523355,0.0,0.0
0.87641424,0.57510704,0.0,0.0,0.0,0.5350158,0.0,0.8013461,0.17969047,0.0,0.07658201,0.0,0.0,0.0,0.19092995,0.5921627,0.121207125,0.8660143,0.0,0.0,0.14972466,0.28657457,0.0,0.0,0.0,0.0,0.16779092,0.0,0.096912794,0.37077373,0.0,0.824959,0.0,0.38119522,0.0,0.0,1.4806772,0.08330491,0.0,0.01205971,0.0,0.54940593,0.26193807,0.15310828,0.0,0.0,0.37152985,0.0,0.0,0.0,0.0,0.0,0.40415585,0.0,0.6121132,0.0,0.0,0.0,0.009591455,0.12828481,0.5380938,0.9132001,0.0,0.52452874,0.0,1.0299127,0.59007823,0.15257832,0.0,0.0,0.6164136,0.0,0.0,0.4126775,0.195617,0.0,0.0,0.265153,0.0,0.0,0.032702476,0.0,0.0,0.20652203,0.0,0.0,0.0,0.0,0.21437904,0.5915388,0.42728955,0.0,0.0,0.31909075,0.0,0.6915239,0.0,0.0,0.0,0.0
0.0,1.034758,1.5573043,0.0,0.0,1.737207,0.0,0.64422774,0.50751543,0.15724844,0.0,0.0,0.25735128,0.6887129,0.13588886,1.0413661,0.0,0.0,0.0,0.0,0.0,0.6334971,0.0,1.9671515,0.8840608,0.0,1.30519,0.2785273,0.9614273,0.0,0.0,0.16353244,0.0,0.0,0.0,1.1211433,0.0,0.0,0.0,0.0,0.34292436,0.29129586,0.8128589,0.0,0.0,2.1133616,1.5766754,0.7636802,1.1226754,1.0905994,0.9724626,0.0,0.0,0.0,1.2382811,0.51591736,0.0,1.5085928,1.4808152,0.6311349,0.0,0.23487516,0.16127376,0.32677352,0.88647765,1.4128511,0.0,0.0,1.8353105,0.0,0.0,0.8927654,0.0,0.0,1.0599831,0.0,0.0,0.13434532,0.0,0.5267104,0.0,1.2058687,0.0,0.0,0.0,1.5832878,0.0,0.43924415,0.0,0.0,1.0762208,0.077015996,0.0,0.0,0.0,0.0,1.5016248,0.88983244,0.0,0.028645908
2.9817724,0.26397076,0.0,0.030223938,0.0,0.0,0.0,0.32702816,0.0,0.0,1.2307743,0.0,0.0,0.0,0.0,0.0,0.0,3.2829053,0.0,0.0,1.3720224,0.0,0.0,0.0,0.5651093,0.0,0.0,0.9267798,0.0,0.0,0.0,2.0717616,0.0,1.8998117,0.0,0.0,1.3426881,0.0,0.0,0.0,0.63135433,0.78872037,0.0,1.1985494,0.0,0.0,0.13091692,0.0,0.55745906,0.0,0.0,0.0,1.2284881,0.0,0.3745469,0.0,0.0,0.0,0.0,1.7392412,2.0001013,1.8690861,0.0,1.2253265,0.0,0.42103365,0.0,1.5721618,0.0,0.0,2.3006048,0.0,0.0,1.0410303,0.0,1.6281161,0.7053985,1.5468681,0.0,0.0,0.016569233,0.0,0.0,1.6247464,0.0,0.0,0.5272702,0.0,0.0,0.0,0.4002821,0.0,0.0,0.0,0.0,0.6832594,0.15577318,0.0,0.0,0.0
0.0,1.1335504,1.761223,0.0,0.0,3.3645506,0.0,0.5271814,0.8587303,0.8854188,0.0,0.0,0.80018586,2.5719583,0.1838407,0.076569505,0.13078006,0.0,0.0,0.0,0.0,2.0473742,0.0,2.3640504,0.7871753,0.0,1.3423237,0.0,0.61350524,0.0,0.0,0.0,0.0,0.0,0.0,1.1862563,0.0,0.0,0.0,0.0,1.433694,1.0124333,2.0150328,0.37188098,0.0,4.841021,3.064574,0.8822719,3.3295078,2.6283832,1.5404031,0.0,0.0,0.0,2.9478843,0.10789099,0.0,2.0906048,2.7645395,0.35762477,0.0,0.26281267,0.35196823,0.47630078,1.6476316,1.1926707,0.0,0.0,5.0417647,0.0,0.0,2.59433,0.0,0.0,2.5604362,0.0,0.0,0.0,0.0,0.5337106,0.0,2.5420241,0.0,0.0,0.0,3.500818,0.0,2.2763863,0.9304998,0.0,3.9830377,0.23707324,0.0,0.0,0.0,0.16573702,2.9427435,0.95650476,0.0,0.0
0.0,0.43123826,1.2964787,0.0,0.0,1.541184,0.0,0.14646797,0.3096331,0.37775818,0.0,0.0,0.6573374,0.950246,0.0,0.0,0.0,0.0,0.0,0.0,0.0,1.65082,0.0,1.5027246,0.72905415,0.0,1.2405145,0.26711616,0.07985177,0.0,0.0,0.0,0.0,0.0,0.0,0.6256296,0.0,0.0,0.0,0.0,0.7099124,0.6501587,1.1684352,0.0,0.0,2.4346607,2.0451035,0.7033587,1.953037,2.0689394,0.83928305,0.0,0.0,0.0,1.0619594,0.44806293,0.0,1.1465226,1.4704374,0.25675315,0.0,0.0,0.31835347,0.067365184,0.7206779,0.47267416,0.0,0.0,3.2513003,0.0,0.0,1.0393064,0.0,0.015400904,0.6495436,0.0,0.0,0.0,0.0,0.47565287,0.0,1.6995074,0.0,0.0,0.0,2.1224234,0.0,0.92897147,0.64125216,0.0,1.8259594,0.0030857883,0.0,0.0,0.0,0.25881317,1.1420108,0.31406826,0.0,0.0
0.007987523,0.2534316,0.034196842,0.2789336,0.0,0.0,0.0,0.70095086,0.0,0.037633244,0.0,0.0,0.35605118,0.0,0.2820296,0.5298206,0.0,0.6546851,0.0,0.0,0.26134357,0.0096097225,0.0,1.0230047,0.4608418,0.0,0.09972064,0.0,0.0,0.0,0.0,0.3751798,0.0,0.0,0.0,0.22191615,0.1357418,0.0,0.040302053,1.3397034,0.0,0.6199929,0.44051102,0.0,0.064079374,0.7374201,0.43017843,0.0,0.0,0.0,0.34259093,0.14191313,0.41580743,0.0,0.0,0.0,0.0016456619,0.0,0.0,0.5108191,0.13404131,0.14694817,0.2893062,0.0,0.0,0.76354426,0.0,0.2510195,0.0,0.0,0.068583116,0.0,0.0,0.14120321,0.13113934,0.3542871,0.0,0.30221963,0.0,0.0,0.0,0.0,0.0,0.0,0.48997766,0.0,0.0,0.0,0.0,0.0,0.0,0.0,0.0,0.0,0.0,0.0,0.0365507,0.9382032,0.0,0.2390358
0.22350259,0.75769264,1.0505973,0.0,0.0,0.8867087,0.0,0.86083615,0.0,0.22124979,0.0,0.0,1.1712365,0.45581853,0.17619069,1.8732173,0.0,0.0,0.0,0.0,0.0,0.34891936,0.0,2.0460572,1.2078035,0.0,1.1921053,0.0,0.5655505,0.0,0.0,0.0,0.0,0.0,0.0,0.6883384,0.5763024,0.0,0.0,1.0898302,0.5283604,0.6938782,0.73578143,0.28564653,0.31233817,2.3486633,1.2512593,0.38242736,0.6012543,0.21888427,1.077803,0.0,0.09872618,0.0,0.99493235,0.1408323,0.0,1.0895306,1.49754,0.22684921,0.0,0.6994693,0.0,0.12118023,0.863276,1.7290077,0.0,0.0,1.1387849,0.0,0.0,0.49489063,0.0,0.0,0.74108094,0.0,0.0,0.15532255,0.0,1.1227821,0.0,0.13848326,0.0,0.0,0.0,0.75102025,0.0,0.0,0.0,0.0,0.6963497,0.19967353,0.0,0.0,0.0,0.069057055,1.1366383,1.7669191,0.3250126,0.030116236
0.03329579,0.74046564,1.5599822,0.0,0.0,2.142602,0.0,0.66671085,0.6274196,0.098736905,0.0,0.0,0.555296,0.7301416,0.0,0.6946106,0.073849544,0.0,0.0,0.0,0.0,1.0617677,0.0,1.4848131,0.46305564,0.0,1.6908219,0.0,1.0739776,0.0,0.0,0.044080377,0.0,0.0,0.0,0.9413277,0.0,0.0,0.0,0.0,0.16165525,0.4405209,0.99690276,0.0,0.0,2.731376,1.8882966,0.47481045,1.3197939,1.3855494,1.0861206,0.0,0.0,0.0,1.6096313,0.434773,0.0,1.6088933,1.596719,0.6844629,0.0,0.47227916,0.16953574,0.38914084,1.1456689,1.6160651,0.0,0.0,2.256645,0.0,0.0,1.4912136,0.0,0.0,1.0653728,0.0,0.0,0.3578914,0.0,0.027278475,0.0,1.6008044,0.0,0.0,0.0,1.8935646,0.0,0.7881962,0.0,0.0,1.5171324,0.0,0.0,0.0,0.0,0.0,1.9190077,1.036093,0.0,0.04373958
2.677898,0.0,0.0,0.0,0.0,0.0,0.0,0.9990693,0.0,0.0,1.9465085,0.0,0.0,0.6112425,0.0,0.0,0.0,3.7628338,0.0,0.0,0.6426982,0.0,0.0,0.0,0.6456437,0.0,0.0,1.6861855,0.0,0.0,0.0,3.8935928,0.0,1.4728532,0.0,0.0,0.4206534,0.0,0.0,0.0,0.0,0.9571388,0.2726428,0.08544722,0.0,0.0,0.94061565,0.0,0.28440103,0.15672426,0.0,0.0,1.1411923,0.0,0.8350626,0.0,0.0,0.0,0.0,2.131461,0.45026845,2.911478,0.0,0.96216655,0.0,1.4181273,0.0,2.0796077,0.0,0.0,2.2482855,0.0,0.0,1.5039755,0.0,1.5396746,0.42037338,2.1736872,0.0,0.0,0.0,0.0,0.484045,1.764244,0.0,0.0,0.0,0.0,0.0,0.0,0.0,0.4498107,0.0,0.0,0.0,0.0,0.5968185,0.0,0.0,0.07180222
0.7944983,0.0,0.0,0.0,0.0,0.0,0.0,0.17129228,0.010981893,0.0,0.6369294,0.0,0.44129503,0.0378933,0.8923507,0.025768168,0.6468174,1.2375939,0.0,0.21852931,0.16178216,0.0,0.0,0.0,0.0,0.0,0.0,1.1458153,0.0,0.7846709,0.0,0.536862,0.0,0.009021612,0.0,0.0,1.6002395,0.0,0.0,0.0,0.0,0.9143925,0.34894076,0.9136757,0.3266947,0.0,0.7566325,0.0,0.0,0.0,0.09022696,0.0,0.5098477,0.60981023,0.0,0.14320481,0.0,0.0,0.0,0.45388412,0.014466601,0.41529796,0.048849102,0.31585312,0.1296225,1.1408814,0.0072362144,1.0616637,0.0,0.0,0.9616952,0.0,0.0,0.0,0.1101128,0.0,0.4708972,0.37762803,0.0,0.0,0.10271734,0.0,0.3671249,0.5887121,0.0,0.015885994,0.17616981,0.0,0.24778064,0.0,0.105344616,0.0,0.0,0.32764405,0.0,1.2018621,0.0,0.0,0.0,0.0
0.0,0.0,0.0,0.8402072,0.0,0.23900221,0.0,1.7540858,0.0,0.32751566,0.0,0.0,0.0,0.4174374,0.0,0.7878151,0.0,1.6678717,0.09938248,0.0,1.0533941,0.0,0.0,0.0,1.1493682,0.0,0.0,0.14158008,0.0,0.0,0.0,0.8917966,0.0,0.0,0.0,0.0,0.0,0.2725614,0.0,1.1912827,0.21197951,0.25052917,0.19485421,0.10489862,0.48625392,0.16134414,0.42406815,0.0,0.0,0.08979496,0.5424054,0.013716528,0.35107517,0.0,0.0,0.0,0.0,0.0,0.0,0.59995407,0.0,0.8356263,0.0,0.0,0.0,0.0,0.0,0.3679684,0.0,0.0,0.5753422,0.0,0.0,0.42758262,0.0,0.9968777,0.0,1.1885623,0.0,0.0,0.0,0.0,0.54351526,0.53421164,0.0,0.0,0.0,0.0,0.0,0.0,0.0,0.56716233,0.0,0.0,0.63530463,0.3244531,0.17737201,0.8504198,0.0,0.0
0.0,1.085331,0.9205672,0.0,0.0,1.5763313,0.0,0.4598195,0.41034955,0.0,0.0,0.0,0.23473452,0.6660787,0.10831119,0.76057065,0.3901358,0.0,0.0,0.0,0.0,0.1473251,0.0,0.9640849,0.83594596,0.0,0.6849034,0.26394498,0.17754516,0.0,0.0,0.0,0.0,0.0,0.0,0.91395134,0.0,0.0,0.0,0.0,0.3100255,0.0,0.24408765,0.047134176,0.0,1.8083472,0.7949556,0.02765189,1.2439708,0.96899503,1.0507131,0.0,0.0,0.0,0.9734746,0.24478471,0.120191135,1.0524379,0.72522366,0.35074997,0.0,0.13925943,0.23543133,0.2912927,0.74147433,1.0706863,0.0,0.0,1.3391358,0.0,0.0,0.7709878,0.0,0.0,1.1650778,0.0839608,0.0,0.1810104,0.0,0.058430202,0.0,0.7506389,0.0,0.0,0.0,1.6648573,0.0,0.5615082,0.12682514,0.0,0.73233366,0.18350649,0.0,0.0,0.0,0.15850376,0.88072044,0.75534123,0.0,0.0
0.0,0.86878794,0.88477266,0.0,0.0,2.611867,0.0,0.45253456,0.82881665,0.35716045,0.0,0.0,0.7964968,1.6285571,0.0,0.0,0.21559204,0.0,0.0,0.0,0.0,1.9272503,0.0,1.8730029,0.24882998,0.0,1.1274184,0.19684619,0.0,0.0,0.0,0.4534834,0.0,0.0,0.0,1.1063144,0.18442367,0.0,0.0,0.0,1.0081922,1.010446,1.489244,0.18210599,0.0,3.8111792,2.970121,0.0,2.9015975,2.323395,1.35441,0.0,0.0,0.0,1.7447371,0.0,0.0,1.2976887,2.3409817,0.50124997,0.0,0.0,0.6537708,0.0,0.57265264,0.80208266,0.0,0.0,4.331125,0.0,0.0,2.4154575,0.0,0.0,2.4391148,0.28945315,0.0,0.0,0.0,0.3616591,0.0,2.3757381,0.0,0.0,0.0,3.3708134,0.0,2.0822244,1.2112434,0.0,3.512453,0.1890996,0.0,0.0,0.0,0.5686402,2.3663154,0.5412631,0.0,0.0
0.15287678,0.0,0.65105647,0.0,0.0,0.13672794,0.0,0.43798587,0.0,0.22975504,0.0,0.0,0.22002262,0.5082734,0.13494626,0.5327341,0.0,0.0,0.0,0.0,0.19094239,0.45444372,0.0,1.3217002,0.53898966,0.08231243,0.6269525,0.37955758,0.2578671,0.0,0.0,0.0,0.0,0.0,0.0,0.749497,0.11942629,0.0,0.49815038,0.50337803,0.3751644,0.76862425,0.614299,0.0,0.067121476,1.5090907,0.5070126,0.0,0.68806297,0.09838683,0.6155586,0.0,0.16680698,0.0,0.46567178,0.0,0.0,0.43285316,0.6849844,0.42757797,0.0,0.0,0.0,0.0,0.15727746,0.21807027,0.0,0.0,1.246171,0.0,0.0,0.035181645,0.0,0.0,0.5407434,0.122500524,0.0,0.0,0.0,0.7270821,0.0,0.08102439,0.0,0.0,0.0,0.5411856,0.0,0.10793214,0.724046,0.0,0.81280637,0.0,0.0,0.0,0.0,0.27104118,1.0669446,0.8559766,0.0,0.0
0.66699,0.358894,0.0,0.6474836,0.0,0.0,0.0,1.0484953,0.0,0.33504763,0.0,0.0,0.0,0.23426789,0.0,0.1977784,0.0,1.7771683,0.0,0.0,0.7932566,0.0,0.0,0.0,0.9679771,0.0,0.0,0.15979059,0.0,0.0,0.0,1.0883012,0.0,0.0,0.0,0.0,0.041375127,0.1740807,0.0,1.6936662,0.4643027,0.15628229,0.5367053,0.08282006,0.0,0.46067804,0.33613682,0.0,0.0,0.0,0.354965,0.0,0.54681045,0.0,0.0,0.0,0.0,0.0,0.0,0.39875025,0.76916265,1.1616269,0.0,0.5025447,0.0,0.0,0.0,0.80872905,0.0,0.0,0.76258695,0.0,0.0,1.0340836,0.0,1.0302017,0.0,0.8722651,0.0,0.0,0.0,0.0,0.30943194,0.17782165,0.34402207,0.0,0.42171365,0.0,0.0,0.0,0.0,0.4886027,0.0,0.0,0.15313263,0.0,0.0,0.710968,0.0,0.0
0.0,0.3406407,0.7912872,0.0,0.0,0.7913671,0.0,0.100241914,0.4497144,0.82638544,0.0,0.0,0.24358454,0.7915046,0.10472475,0.76590014,0.0,0.0,0.0,0.0,0.0,0.96148175,0.0,1.1329681,0.05547044,0.0922327,0.94572455,0.13202645,0.3951476,0.0,0.0,0.0,0.0,0.0,0.0,1.0351367,0.0,0.0,0.0,0.0,0.0,0.44027174,0.8282738,0.0,0.0,1.4532169,0.9920246,0.4775568,0.66618824,0.4620393,0.30625376,0.0,0.1621849,0.0,0.88691777,0.16285066,0.20972455,0.9342866,0.6406243,0.15007557,0.0,0.3626971,0.0,0.0,0.52173597,0.8217378,0.0,0.0,1.2325732,0.0,0.0,0.42658788,0.0,0.0,0.75664145,0.0,0.0,0.12806122,0.0,0.39024162,0.0,0.4650886,0.0,0.0,0.0,1.0502506,0.15267462,0.54808915,0.0,0.0,1.1468257,0.0,0.0,0.0,0.123376496,0.31126487,0.89102477,1.3412607,0.0,0.09313504
2.2790482,0.7430255,0.0,0.0,0.0,0.0,0.0,0.99933547,0.43668765,0.0,0.7188737,0.0,0.0,0.0,0.0,0.12337477,0.52227443,1.3144054,0.0,0.0,0.5439272,0.0,0.0,0.0,0.0,0.0,0.0,0.6393023,0.0,0.6020983,0.0,0.58556235,0.0,0.5506672,0.0,0.0,1.7741604,0.0,0.0,0.37387213,0.0,0.0,0.0,0.9428729,0.0,0.05676374,0.45795122,0.0,0.5005882,0.24816684,0.0,0.0,0.825033,0.47534817,0.1717452,0.0,0.0,0.0,0.0,0.841241,0.4607522,0.7049017,0.0,0.7412491,0.0,2.0890274,0.18331173,1.3134141,0.0,0.0,1.9708925,0.0,0.0,0.7012418,0.99968654,0.0,0.0,0.0,0.0,0.0,0.0,0.0,0.0,0.32077256,0.0,0.0,0.0,0.41513178,0.27222818,0.8727631,0.0,0.0,0.0,0.42858794,0.0,0.030357597,0.0,0.0,0.063727036,0.0
0.0,1.183195,1.6011757,0.0,0.0,2.757609,0.0,0.4735831,0.8189361,0.14937603,0.0,0.0,0.9414914,1.4171537,0.0,0.43956304,0.0,0.0,0.0,0.0,0.0,1.4051198,0.0,2.2909064,0.8845921,0.0,1.6977184,0.0,0.82027,0.0,0.0,0.0,0.0,0.0,0.0,1.387654,0.0,0.0,0.0,0.0,0.7223029,0.69014454,1.3934712,0.23986724,0.0,3.8411193,2.36881,1.1642569,2.822142,2.179196,1.139476,0.0,0.0,0.0,2.6228383,0.5026269,0.0,1.7970508,2.334957,0.58683854,0.0,0.2191707,0.42758286,0.48742676,1.3255206,1.4931139,0.0,0.0,3.5167978,0.0,0.0,1.87961,0.0,0.0,2.036972,0.0,0.0,0.0,0.0,0.14961153,0.0,1.9113814,0.0,0.0,0.0,2.9420884,0.0,1.5383476,0.34810615,0.0,2.6441023,0.09274647,0.0,0.0,0.0,0.0,2.400099,0.8660052,0.0,0.0
0.0,1.4807624,2.1793265,0.0,0.0,3.5630717,0.0,0.18933369,1.1256063,0.3200918,0.0,0.0,1.0109755,2.5741675,0.0,0.741263,0.0,0.0,0.0,0.0,0.0,2.0743718,0.0,3.0865529,1.0720614,0.0,1.7712753,0.0,1.0758277,0.0,0.0,0.052360818,0.0,0.0,0.0,1.7586097,0.0,0.0,0.0,0.0,1.4609767,1.082459,1.3772508,0.2291252,0.0,4.8916874,3.0204506,1.0885096,3.1183076,2.9595816,1.896805,0.0,0.0,0.0,3.3554783,0.3246167,0.0,2.39202,2.9245183,0.4134687,0.0,0.20526284,0.6007273,0.6961854,1.6451491,1.889934,0.0,0.0,5.1315346,0.0,0.0,2.465008,0.0,0.0,2.3405013,0.0,0.0,0.0,0.0,0.14624354,0.0,3.2675405,0.0,0.0,0.0,4.0139685,0.0,2.062569,0.791622,0.0,3.527396,0.0040941834,0.0,0.0,0.0,0.0,3.2950778,1.6903043,0.0,0.0
0.17147674,0.0,0.0,0.0,0.0,0.14468567,0.0,0.3418197,0.27866626,0.43629202,0.0,0.0,0.21662083,0.42562598,0.12339423,0.0,0.16856474,0.13463283,0.0,0.0,0.3885511,0.28208882,0.0,0.0,0.0,0.16862288,0.0,0.16624545,0.0,0.0,0.0,0.0,0.0,0.020052826,0.0,0.0,0.39015138,0.0,0.0,0.0,0.0,0.11876992,0.74844486,0.0,0.0,0.44394803,0.68818223,0.13943586,0.8365538,0.051482443,0.0,0.0,0.0,0.10301011,0.00582445,0.3756876,0.0,0.0,0.4424765,0.0,0.0,0.0,0.678598,0.0,0.07861843,0.15729967,0.0,0.0,0.95300597,0.0,0.0,0.8594591,0.7737342,0.0,0.32532263,0.0,0.0,0.0,0.0,0.0,0.0,0.043589186,0.019539582,0.0,0.0,0.08010339,0.25940344,0.80566096,0.0,0.0,0.47807676,0.087292284,0.0,0.056594897,0.0,0.33210114,0.0,0.0,0.0,0.0
2.9656842,0.52431554,0.0,0.25607994,0.0,0.0,0.0,0.0,0.72572446,0.0,0.3120006,0.0,0.0,0.0,0.06133695,0.0,0.0,3.06094,0.0,0.0,2.230624,0.0,0.0,0.0,0.0,0.0,0.0,1.8290519,0.0,0.0,0.0,1.2626045,0.0,1.8055327,0.0,0.0,1.6852106,0.0,0.0,0.0,0.0,0.38138577,0.075523384,0.6605203,0.0,0.0,0.0,0.0,0.59807533,0.90990084,0.213916,0.0,1.097695,0.0,0.43611965,0.0,0.0,0.0,0.0,0.9499046,1.3887776,3.0168347,0.0,1.6082379,0.0,0.0,0.0,3.0379667,0.0,0.0,2.2763364,0.0,0.0,1.4399756,0.0,0.39776656,0.5034653,1.4374306,0.29163563,0.0,0.0,0.0,0.0,1.9961215,0.0,0.0,0.74039173,0.27025884,0.0,0.0,0.0,1.2292521,0.0,0.0,0.0,0.66423696,0.51095855,0.0,0.0,0.0
1.3573192,0.2558964,0.0,0.24026074,0.0,0.36990696,0.7207798,0.031232826,0.0,0.0,0.17343058,0.0,0.0,0.0,0.0,0.0,0.43589255,1.0496657,0.0,0.37460285,0.0,0.0,0.39232123,0.0,0.0,0.32030654,0.10361664,0.0,0.0,0.5908786,0.0,0.20008714,0.0,0.0,0.0,0.0,1.1318511,0.0,0.0,0.0,0.0,0.33773735,0.0,0.64228696,0.0,0.0,0.63552636,0.0,0.12802583,0.4462519,0.013835538,0.0,0.49511546,0.52642816,0.15073635,0.0,0.0,0.0,0.0,0.11488794,0.40833294,0.27055368,0.0,0.0,0.0,0.6297564,0.10253224,0.014162285,0.0,0.0,0.51566064,0.009118032,0.0,0.2685159,0.4855104,0.0,0.0,0.027481455,0.0,0.0,0.0,0.0,0.0,0.0,0.0,0.0,0.37105605,0.13867836,0.11619139,0.64016,0.5901964,0.23245265,0.14641939,0.49061126,0.0,0.0,0.1307493,0.0,0.1825621,0.0
0.8407918,0.0,0.0,0.5985114,0.0,0.0,0.0,1.0427012,0.21196267,0.14853248,0.0,0.0,0.0,0.5142419,0.0,0.3278643,0.0,2.0793824,0.19253878,0.0,1.3765693,0.0,0.0,0.0,1.2169136,0.0,0.0,0.6396183,0.0,0.0,0.0,1.3469414,0.0,0.31469804,0.0,0.0,0.22893637,0.6433086,0.43436253,1.4337628,0.699643,0.0,0.19480284,0.45935875,0.05358707,0.41570228,0.777957,0.0,0.0,0.15865703,0.19262113,0.0,0.9760679,0.0,0.0,0.0,0.0,0.0,0.0,0.40749043,1.1395522,1.7582719,0.0,0.43351102,0.0,0.0,0.0,1.302845,0.0,0.0,1.0537618,0.0,0.0,0.7408223,0.0,1.2170162,0.0,1.487666,0.0,0.0,0.075592965,0.0,0.10787687,0.14779148,0.0,0.0,0.0,0.0,0.0,0.0,0.0,1.031753,0.0,0.0,0.2522046,0.0,0.0,0.0,0.0,0.0
2.246477,1.783226,0.0,0.0,0.0,0.0,0.0,1.4304227,0.53899646,0.2077885,0.0,0.0,0.5236474,0.0,0.0,1.0097903,1.003534,3.1082625,0.0,0.0,0.61748934,0.0,0.05179633,0.0,0.0,0.0,0.0,0.0,0.0,0.02395157,0.0,1.1002101,0.0,2.0006168,0.0,0.0,3.0256195,0.49587062,0.0,0.81879544,0.0,1.9192531,1.7340983,1.12793,0.12458754,1.0211612,1.0549012,0.0,0.08801704,0.0,0.0,1.0466866,0.35760844,0.099353515,0.0,0.0,0.0,0.0,0.34953195,0.0,0.4964927,2.1764789,0.0,1.1162984,0.0,2.7793083,0.2865523,1.5994563,0.0,0.0,1.5331224,0.0,0.31970486,1.3328484,0.56388324,1.8122663,0.0,0.58336306,0.0,0.0,1.4508206,0.0,0.0,2.0308998,0.0,0.0,0.0,0.0,0.0,0.0,0.024419814,0.9208557,0.0,1.7811996,0.0,0.0,0.0,0.0,0.07145123,0.07952071
0.97250974,0.044901982,0.0,0.11890355,0.1138334,0.2501575,0.0,0.7158172,0.0,0.0,0.1788762,0.0,0.0,0.0,0.13241322,0.056999795,0.34857485,0.71426153,0.0,0.0,0.5776548,0.0,0.0,0.0,0.0,0.0,0.0,0.61615986,0.0,0.47773582,0.0,0.0,0.0,0.21740556,0.0,0.0,0.46911004,0.0,0.0,0.0,0.0,0.102453195,0.38652083,0.10803525,0.0,0.15974662,0.0,0.0,0.6271835,0.0,0.0,0.0,0.022888651,0.42265713,0.043564465,0.0,0.0,0.0,0.0,0.0050246883,0.2006928,0.1865463,0.4685527,0.7674628,0.25943583,0.46182963,0.0,0.42496648,0.0,0.0,0.0,0.11235211,0.0,1.1982474,0.13765743,0.42162427,0.0,0.74498177,0.29118487,0.0,0.0,0.0,0.0,0.8120265,0.25310817,0.0,0.30787086,0.6683774,0.07678774,0.0,0.0,0.0,0.0,0.0,0.0,0.87758666,0.0,0.0,0.0,0.0
0.70213246,0.0,0.0,0.0,0.0,0.0,0.0,1.0268853,0.0,0.0,0.0,0.0,1.2705555,1.0617584,1.196855,0.39586633,1.1964867,1.1032403,0.0,0.0,0.35246843,0.0,0.36675397,0.47002324,0.0,0.34801492,0.0,0.44689944,0.0,0.90214086,0.0,2.1157236,0.0,1.3249714,0.0,0.0,1.481312,0.0,0.0,0.0,0.0,0.9390392,0.1007876,1.2004243,0.0,0.0,1.2037425,0.0,0.0,0.0,0.06474713,0.5472829,0.23378696,0.0,0.0,0.33817297,0.0,0.0,0.5778168,0.0,0.0,1.0243285,0.0,0.0,0.0,2.2584693,0.0,0.69224936,0.0,0.0,1.4859136,0.0,0.5818143,0.6698525,1.294534,0.109853745,0.0,0.0,0.0,0.0,0.3689767,0.0,0.35562098,1.213901,0.0,0.0,0.74609786,0.0,0.0,0.0,0.0,0.17233363,0.0,1.2551446,0.0,0.0,0.0,0.0,0.0,0.0029389618
1.1231676,0.48827574,0.0,0.20771879,0.0,0.0,0.2532417,0.7457094,0.0,0.0,0.4496925,0.0,0.0,0.0,0.018072678,0.0,0.0,1.6262692,0.0,0.0,0.7019885,0.0,0.0,0.043454647,0.0,0.5797922,0.0,0.99176294,0.0,0.0,0.0,0.98646176,0.0,0.37672618,0.0,0.0,1.0881586,0.0,0.0,0.0,0.0,0.2143635,0.0,0.0,0.0,0.0,0.0076401546,0.0,0.2529494,0.27765647,0.0,0.0,0.90346587,0.46201423,0.0,0.0,0.0,0.0,0.0,0.2157611,1.0527722,0.8958847,0.08048687,0.11126601,0.0,1.0146265,0.09371391,0.6445888,0.0,0.0,0.45682675,0.38018382,0.0,0.64313704,0.281162,0.0,0.0,0.15596092,0.0,0.0,0.06488329,0.0,0.0,0.774626,0.0,0.0,0.0,0.48587474,0.2871806,0.8605793,0.0,0.0,0.0,0.28235096,0.0,0.0,0.0,0.0,0.0,0.0
0.9591108,0.21912807,0.0,0.0,0.0,0.44154617,0.0,0.21654038,0.626276,0.038199574,0.46937194,0.0,0.0,0.0,0.19785045,0.0,0.3610508,0.90430284,0.0,0.0,0.05090863,0.0,0.0,0.0,0.0,0.14431879,0.0,0.3073431,0.0,0.0,0.0,0.058323354,0.0,0.0,0.0,0.0,0.46743074,0.0,0.0,0.0,0.0,0.074202545,0.3985143,0.07189712,0.1933904,0.070079416,0.21024115,0.0,0.0,0.33654788,0.0,0.19847989,0.0,0.6083035,0.0,0.0,0.0,0.0,0.0,0.084411815,0.2958198,0.35066393,0.3472611,0.0,0.1949443,0.083737776,0.27496463,0.0,0.0,0.2251134,0.0,0.22786503,0.23318404,0.1270273,0.4166117,0.0,0.0,0.3476665,0.09709653,0.0,0.0,0.054852393,0.0,0.5285089,0.0,0.0,0.0,0.33787555,0.020811826,0.22710572,0.0,0.11983633,0.0,0.13616756,0.0,0.08128886,0.0,0.0,0.23199315,0.0
0.0,1.1113738,1.2977115,0.0,0.0,2.9272997,0.0,0.6781422,0.8388176,0.53930736,0.0,0.0,0.9095401,1.282206,0.0,0.66349196,0.022267895,0.0,0.0,0.0,0.0,1.1879071,0.0,1.7519226,0.470221,0.20558128,1.2093122,0.0,0.44009766,0.0,0.0,0.4147985,0.0,0.0,0.0,1.1974336,0.0,0.0,0.0,0.0,0.6111769,0.3341317,1.1405612,0.6446477,0.0,3.381004,2.3973174,0.48144072,2.9620926,2.4435306,1.3590757,0.0,0.0,0.0,2.5132115,0.0,0.002678182,1.7685784,1.4789126,0.26735312,0.0,0.42281246,0.6638252,0.83973765,0.8762155,1.3870763,0.0,0.0,3.3393836,0.0,0.0,2.0326796,0.0,0.0,2.3321636,0.0,0.0,0.0,0.0,0.0,0.0,1.8964657,0.0,0.0,0.0,3.4543028,0.0,1.9439608,0.78818977,0.0,3.0439234,0.5698177,0.0,0.0,0.0,0.1792202,1.9685506,0.62023115,0.0,0.0
0.0,1.2982748,1.3214247,0.0,0.0,3.8421433,0.0,0.66108376,1.2452512,0.7146752,0.0,0.0,1.2858473,1.9390141,0.115135804,0.0,0.21490319,0.0,0.0,0.0,0.0,2.087766,0.0,1.8591048,0.6037857,0.08072164,1.4456658,0.030060422,0.24819261,0.0,0.0,0.10432668,0.0,0.0,0.0,1.9417928,0.30539614,0.0,0.0,0.0,1.0018295,0.71384996,0.960854,0.73180413,0.0,4.858326,2.9835715,0.3440771,3.84469,2.7218454,1.442178,0.0,0.0,0.0,2.9638402,0.0,0.0,2.0917735,2.6352496,0.0,0.0,0.16373052,0.98641133,0.38155183,0.80247605,1.6210164,0.0,0.0,5.0806174,0.0,0.0,2.6623113,0.0,0.0,3.2186842,0.5196753,0.0,0.0,0.0,0.0,0.0,2.79639,0.0,0.0,0.0,4.5490723,0.0,2.444226,0.6947752,0.0,3.654538,0.4196562,0.0,0.0,0.0,0.91998726,2.8984976,0.9090716,0.0,0.0
0.99850094,0.21749896,0.0,0.0,0.0,0.0,0.0,0.11743808,0.13346662,0.0,0.2711374,0.0,0.0,0.0,0.0,0.0,0.46983185,0.57940257,0.0,0.0,0.1821876,0.0,0.0,0.0,0.0,0.0,0.0,0.5104899,0.0,0.0,0.11603206,0.35785148,0.0,0.109434865,0.0,0.0,0.79527974,0.0,0.0,0.0,0.0,0.15223297,0.3025415,0.0,0.04167629,0.0,0.3027465,0.0,0.044634037,0.0,0.0,0.0,0.26021376,0.18030336,0.021210138,0.0,0.0,0.0,0.33832717,0.60226727,0.0,0.73984885,0.2438093,0.15411341,0.12587881,0.71556735,0.058911774,0.56842214,0.0,0.0,0.7087138,0.0,0.0,0.26244172,0.1752257,0.43005583,0.11309488,0.4274756,0.0,0.0,0.0,0.0,0.023500305,0.30569065,0.0,0.0,0.08076791,0.27547312,0.0,0.0,0.0,0.07427591,0.0,0.0,0.0,0.0,0.0822935,0.0,0.0,0.21316543
1.488063,0.3544091,0.0,0.037117504,0.092068866,0.0,0.0,0.56745404,0.0,0.0,0.1738966,0.0,0.0,0.0,0.0,0.0,0.57062554,0.7264801,0.0,0.0,0.3821963,0.0,0.0,0.0,0.0,0.31776777,0.0,0.53761,0.0,0.17175354,0.40981072,0.0,0.0,0.121922284,0.0,0.0,1.5588348,0.0,0.0,0.0,0.0,0.25939807,0.5233597,0.0,0.0,0.269278,0.060975537,0.0,0.34323257,0.4473035,0.0,0.0,0.20122646,0.7040437,0.19610105,0.0,0.0,0.0,0.0,0.07103912,0.34692925,0.4820646,0.436723,0.15556417,0.0,0.7178561,0.33881012,0.16218269,0.0,0.0,0.4663704,0.28504452,0.0,0.6973806,0.075800024,0.14539756,0.0,0.0,0.0,0.0,0.0,0.0,0.0,0.5223589,0.0,0.0,0.05154096,0.94359195,0.28218484,0.5189432,0.13502203,0.0,0.0,0.3756959,0.0,0.5393003,0.0,0.0,0.3504749,0.0
0.0,1.1720725,1.3443342,0.0,0.0,2.8049808,0.0,0.5580535,0.8499766,0.38005725,0.0,0.0,0.819938,1.370739,0.0,0.69052374,0.0,0.0,0.0,0.0,0.0,1.2659637,0.0,1.9558643,0.7181515,0.0014818851,1.4391361,0.0,0.7835006,0.0,0.0,0.22020747,0.0,0.0,0.0,1.6776514,0.0,0.0,0.0,0.0,0.7448241,0.22429766,0.8017356,0.37083736,0.0,3.1957228,2.2269173,0.76507044,2.718668,2.2168884,1.4354864,0.0,0.0,0.0,2.4611454,0.19171372,0.0,1.8373518,1.995957,0.48020628,0.0,0.14118437,0.49348146,0.42829233,1.1717176,1.6241162,0.0,0.0,3.456539,0.0,0.0,1.8088678,0.0,0.0,2.3602412,0.0,0.0,0.0,0.0,0.0,0.0,2.080841,0.0,0.0,0.0,3.4315414,0.0,1.7627528,0.7684795,0.0,2.6375809,0.1178689,0.0,0.0,0.0,0.11107714,2.2926018,0.95953083,0.0,0.0
0.0,0.032069974,0.32372317,0.15138666,0.0,0.6953839,0.0,0.6382289,1.0039412,0.0,0.0,0.0,0.16025814,0.0,0.16807257,0.5897853,0.8370854,0.22306024,0.0,0.0,0.0,0.28983814,0.0,1.0118883,0.7787355,0.0,0.6775433,0.33196688,0.0,0.0,0.0,0.12520397,0.0,0.0,0.0,0.2285055,0.08507148,0.3604195,0.13439111,0.43924066,0.4478376,0.0,0.0,0.16717488,0.0,1.4398433,0.72568613,0.0,0.74629235,0.463218,0.81962067,0.0,0.029376563,0.12595093,0.04546055,0.0,0.62142485,1.100013,0.16995998,0.3040263,0.34778297,0.031920627,0.755456,0.0,0.36654052,1.4220904,0.0,0.0,0.56455505,0.0,0.0,0.0,0.0,0.0,1.046236,0.17962453,0.0,0.0,0.0,0.0,0.0,0.32674918,0.0,0.0,0.17439498,2.0679193,0.0,0.0,0.0,0.0,0.02439975,0.22217391,0.0,0.0,0.0,0.18854369,0.6061113,0.0,0.0,0.0
0.13554657,0.5635596,0.12452058,0.07694914,0.0,0.54587543,0.0,0.56600034,0.0,0.09488287,0.0,0.0,0.0,0.08307731,0.0,0.83443916,0.47340056,0.12673047,0.0,0.0,0.0,0.0,0.0,0.10086546,0.8232542,0.0,0.09053446,0.0,0.0,0.0,0.0,0.011028612,0.0,0.0,0.0,0.06836226,0.0,0.0,0.0,0.46547627,0.54973227,0.0,0.29056534,0.17505765,0.0,1.1131177,0.38871083,0.0,0.73090744,0.181524,0.46111366,0.0,0.0,0.0,0.36923552,0.0,0.0,0.21685202,0.5830296,0.13767284,0.0,0.04433045,0.0920043,0.0,0.43498522,0.42920324,0.0,0.0,0.11525269,0.0,0.0,0.33222395,0.0,0.1636976,0.48948157,0.15469733,0.0,0.10726233,0.0,0.2115233,0.0,0.0,0.0,0.0,0.0,0.2785136,0.15076205,0.3485953,0.0,0.0,0.14960578,0.2627765,0.0,0.0,0.0,0.39678207,0.46313968,0.30157092,0.0,0.0
0.0,0.98573303,0.045038413,0.0,0.0,0.87333095,0.0,1.1758189,0.0,0.5801396,0.0,0.0,0.6787087,0.30160132,0.11320116,0.24912417,0.08723512,0.0,0.0,0.0,0.0,0.0,0.0,0.061210934,0.71500087,0.0,0.28498903,0.0,0.0,0.0,0.0,0.0,0.0,0.0,0.0,0.5402807,0.0,0.0,0.0,0.0,0.0,0.018388918,1.0132233,0.08628888,0.3266355,0.57057685,0.8054196,0.0,0.52872884,0.75054556,0.6113252,0.0,0.22318205,0.0,0.9185345,0.0,0.34970844,0.6035664,1.1805391,0.1803319,0.0,0.06276993,0.10890964,0.0,0.94462276,0.5106617,0.0,0.0,0.4984365,0.0,0.0,0.64551944,0.0,0.0,0.8268955,0.034520168,0.0,0.0,0.0,0.347555,0.0,0.30034283,0.0,0.0,0.25575736,0.0,0.0,0.41425142,0.0,0.0,0.31202576,0.21502472,0.0,0.0,0.0,0.6485452,0.77377796,1.2384851,0.0,0.021083986
0.0,1.1090817,1.7212048,0.0,0.0,2.5499582,0.0,0.2702793,0.4925519,0.25494787,0.0,0.0,0.6092507,1.7515417,0.110267565,0.5820469,0.0,0.0,0.0,0.0,0.0,1.4938552,0.0,2.5320685,0.86988735,0.0,1.4012854,0.051482294,0.7986343,0.0,0.0,0.082126364,0.0,0.0,0.0,1.5478703,0.0,0.0,0.0,0.0,1.1757272,1.1162329,1.3833795,0.113034606,0.0,3.83157,2.2921808,0.7164973,2.5129673,1.668626,1.214968,0.0,0.0,0.0,2.3643868,0.15005215,0.0,1.847088,2.5187376,0.7930147,0.0,0.0,0.16908538,0.282679,1.1980311,1.1938004,0.0,0.0,3.9192636,0.0,0.0,1.7244685,0.0,0.0,2.1405323,0.0,0.0,0.0,0.0,0.60149133,0.0,2.0445871,0.0,0.0,0.0,2.6372323,0.0,1.5151125,0.76837873,0.0,2.542345,0.009589279,0.0,0.0,0.0,0.11258405,2.7686987,1.3326211,0.0,0.0
0.12291715,0.69924074,0.82823914,0.019699953,0.0,1.3360549,0.0,0.9275457,0.4525333,0.301996,0.0,0.0,0.35439327,0.38467017,0.013608897,0.81908154,0.1893397,0.0,0.0,0.0,0.0,0.3470904,0.0,1.106691,0.5223359,0.23562506,0.9078528,0.037376508,0.45692965,0.0,0.0,0.10053672,0.0,0.0,0.0,0.81590796,0.0,0.5012222,0.0,0.0,0.42990744,0.0,0.2527447,0.0,0.0,1.2385674,0.99659455,0.25289714,1.408874,1.0735561,0.90890247,0.0,0.0,0.0,1.1153245,0.26863447,0.0,0.8914259,0.81401676,0.270318,0.0,0.18252267,0.11674146,0.14825548,0.81147516,1.5387207,0.0,0.0,1.187458,0.0,0.0,0.85668576,0.0,0.0,1.0378236,0.0,0.0,0.0,0.0,0.076626256,0.0,0.43117872,0.0,0.0,0.0,1.6055026,0.0,0.5618269,0.061010998,0.0,0.81715703,0.092586145,0.0,0.0,0.0,0.047106527,0.72661346,0.40709582,0.0,0.0
1.0692074,0.3408318,0.0,0.26214072,0.0,0.21182309,0.0,0.82134694,0.0,0.0,0.031547613,0.0,0.0,0.0,0.0,0.0,0.43715253,0.66992277,0.0,0.0,0.0,0.0,0.09318361,0.0,0.0,0.3681637,0.0,0.0,0.0,0.0,0.0,0.0,0.0,0.0,0.0,0.0,0.9554128,0.0,0.0,0.0,0.0,0.0,0.0,0.5164578,0.0,0.0,0.1175739,0.0,0.0,0.41662988,0.0,0.0,0.0,0.33870798,0.0,0.0,0.0,0.0,0.6600848,0.0,0.17289864,0.41057876,0.5151104,0.0,0.0,0.2537232,0.0,0.03012895,0.0,0.0,0.0,0.32842222,0.0,0.63975155,1.5239896,0.6125883,0.1446802,0.0,0.0,0.0,0.00405377,0.0,0.0,0.20165099,0.0,0.4042622,0.4397255,0.530457,0.14327472,0.0,0.342814,0.0,0.4948959,0.0,0.0,0.2942742,0.0,0.0,0.082972944,0.0
2.0383534,0.4862533,0.0,0.0,0.46893194,0.6137651,0.0,0.49022117,0.0,0.0,0.28456685,0.0,0.09812874,0.0,0.0,0.0,0.5943895,0.7023968,0.0,0.0,0.67875624,0.0,0.0,0.0,0.0,0.0,0.0,0.48693883,0.0,0.60079753,0.0,0.0,0.0,0.31728196,0.0,0.0,1.8228338,0.0,0.0,0.0,0.0,0.0,0.2158651,0.0,0.0,0.36956427,0.19024068,0.0,0.0,0.31065047,0.0,0.0,0.37415797,0.68443364,0.8725451,0.0,0.0,0.0,0.0,0.4109683,0.8480332,0.7514541,0.43233722,0.38683757,0.0,0.15994984,0.7250568,0.6661253,0.0,0.0,0.65652597,0.22392583,0.0,0.82017905,0.0,0.53177446,0.2533949,0.0,0.8239511,0.0,0.0,0.0,0.0,0.6192487,0.0,0.0,0.0,0.5728333,0.5826534,0.0,0.09946134,0.40988576,0.0,0.0,0.0,0.480516,0.0,0.0,0.0,0.0
0.0,1.2272049,1.8591766,0.0,0.0,3.2928393,0.0,0.6103831,1.0529128,0.29778686,0.0,0.0,0.843657,1.9133099,0.0,0.85559475,0.12656328,0.0,0.0,0.0,0.0,1.4483032,0.0,2.7144265,0.7477054,0.0,1.5698231,0.0,0.90919256,0.0,0.0,0.25565857,0.0,0.0,0.0,1.7196387,0.0,0.0,0.0,0.0,0.9510111,0.56774944,1.2262268,0.40464792,0.0,4.024057,2.768386,0.95164716,2.8690813,2.6253421,1.5605826,0.0,0.0,0.0,2.843067,0.36338323,0.0,2.3187575,2.357139,0.48877287,0.0,0.29509056,0.58341354,0.6378367,1.3695326,1.8019345,0.0,0.0,4.0194883,0.0,0.0,2.2723684,0.0,0.0,2.1397743,0.0,0.0,0.0,0.0,0.0,0.0,2.5965638,0.0,0.0,0.0,3.848174,0.0,1.730844,0.74796027,0.0,2.954251,0.37838912,0.0,0.0,0.0,0.0,2.6962306,1.1998801,0.0,0.0
0.0,0.78334945,1.363358,0.0,0.0,2.1580129,0.0,0.41168463,0.62052697,0.16185209,0.0,0.0,0.69081575,0.80701107,0.050515544,0.6543972,0.0,0.0,0.0,0.0,0.0,1.4523706,0.0,2.2434433,0.8915417,0.0,1.5538262,0.047733136,0.6332471,0.0,0.0,0.026556099,0.0,0.0,0.0,0.9514256,0.0,0.0,0.0,0.0,0.63134897,0.86161566,1.0256363,0.13184331,0.0,3.217368,2.045231,0.64655644,1.9068788,1.3349411,1.2608455,0.0,0.0,0.0,1.9742395,0.65137774,0.0,1.4571494,2.110078,0.42798105,0.0,0.09650519,0.29032364,0.22656488,1.062133,1.426868,0.0,0.0,2.9471333,0.0,0.0,1.4085914,0.0,0.0,1.3170648,0.0,0.0,0.0,0.0,0.3815948,0.0,1.5336529,0.0,0.0,0.0,2.1472065,0.0,1.1888912,0.2026931,0.0,1.8905591,0.2753217,0.0,0.0,0.0,0.0,2.0612924,0.94843197,0.0,0.0
0.761158,0.042454243,0.0,0.0,0.0,0.091071256,0.0,0.0,0.21961567,0.3046685,0.4292948,0.0,0.30049303,0.0,0.46792945,0.0,0.0,0.18307202,0.0,0.0,0.0,0.0,0.0471501,0.3086992,0.0,0.0,0.0,0.0,0.0,0.37441584,0.0,0.25144863,0.0,0.46259734,0.0,0.45730686,0.34751046,0.0,0.0,0.0,0.0,0.67377895,0.4496146,0.0,0.27370384,0.0,0.12814839,0.0,0.3261139,0.0,0.038538143,0.0,0.22036846,0.0,0.3700604,0.0,0.0,0.0,0.3245773,0.47889996,0.0,0.20866844,0.0,0.0,0.0,0.0,0.0,0.1532817,0.13801791,0.0,0.0,0.34981504,0.30575025,0.25069302,0.033772852,0.60379344,0.0,0.0,0.09509142,0.0,0.0071761915,0.0,0.0,0.72579336,0.0,0.0,0.118447885,0.0,0.0,0.0,0.0,0.49573925,0.0,0.0832287,0.0,0.0,0.12225557,0.0,0.0,0.0
0.0,0.88458484,1.1724378,0.0,0.0,2.6377192,0.0,0.649529,0.59411806,0.4301635,0.0,0.0,0.73929715,0.96220535,0.23782088,0.68021,0.0,0.0,0.0,0.0,0.0,1.0591387,0.0,1.3634764,0.64511627,0.0,1.2879959,0.10106425,0.27595112,0.0,0.0,0.25616184,0.0,0.0,0.0,1.2074096,0.0,0.0,0.0,0.0,0.30966184,0.0,0.78896433,0.3621837,0.0,2.4471135,1.8041507,0.41808414,2.2857695,1.9541891,1.1592407,0.0,0.0,0.0,1.781753,0.12134387,0.0,1.5424553,1.1187415,0.18259689,0.0,0.23400627,0.6399989,0.5212179,0.7649134,1.306554,0.0,0.0,2.6766458,0.0,0.0,1.6639142,0.0,0.0,1.7020475,0.0,0.0,0.0,0.0,0.0,0.0,1.7859677,0.0,0.0,0.0,3.0256486,0.0,1.502525,0.5921226,0.0,2.1285303,0.6017255,0.0,0.0,0.0,0.22994943,1.6363227,0.66799295,0.0,0.0
0.03362167,1.0882977,0.8937335,0.0,0.0,1.8739101,0.0,0.6089563,0.7019612,0.26765043,0.0,0.0,0.31766593,0.60187846,0.0,0.737358,0.2166672,0.0,0.0,0.0,0.0,0.51358783,0.0,1.2050738,0.62093663,0.19878533,1.0788822,0.060487907,0.49099293,0.0,0.0,0.0,0.0,0.0,0.0,0.90681356,0.0,0.43643942,0.0,0.0,0.2765744,0.051331263,0.3269288,0.4832951,0.0,2.153422,1.5811999,0.11872771,1.9614995,1.4837695,1.1064167,0.0,0.0,0.0,1.3662719,0.35661063,0.0,1.0815336,0.8482882,0.18997434,0.0,0.30332103,0.35147867,0.30941957,0.78899634,1.4855496,0.0,0.0,1.696892,0.0,0.0,1.0642304,0.0,0.0,1.6019062,0.21688008,0.0,0.0,0.0,0.0,0.0,1.0863236,0.0,0.0,0.0,2.516193,0.0,0.981022,0.2163368,0.0,1.3897163,0.2233238,0.0,0.0,0.074563876,0.2179658,1.1776512,0.60680765,0.0,0.0
0.9997833,0.0,0.0,0.022247516,0.0,0.40497273,0.6392841,0.7783206,0.0,0.0,0.0,0.0,0.0,0.0,0.0,0.0,0.47104272,0.48214298,0.0,0.0,0.3075544,0.0,0.09464603,0.0,0.0,0.19658998,0.0,0.31799594,0.0,0.0067651533,0.1269782,0.4383765,0.0,0.0,0.0,0.0,0.90933794,0.028214626,0.0,0.1725224,0.0,0.0,0.0,0.2780834,0.0,0.17679983,0.5418185,0.18180205,0.251281,0.24644269,0.0,0.0,0.46080413,0.93374944,0.4369765,0.0,0.045161743,0.0,0.0,0.0,0.0402029,0.09540295,0.36335567,0.27891508,0.0,0.8087088,0.41287822,0.0,0.0,0.0,0.53992057,0.059595507,0.0,0.28924897,0.95080227,0.2235917,0.0,0.039324895,0.0,0.0,0.0,0.11691378,0.0,0.0,0.0,0.43138656,0.1149468,0.36195272,0.22614461,0.95752865,0.5116257,0.0,0.1057987,0.0,0.0,0.23793608,0.0,0.0,0.45016834,0.0
1.7583033,0.42434654,0.0,0.030258352,0.11493865,0.0,0.0,0.08653297,0.0016253722,0.0,0.69367576,0.0,0.0,0.0,0.0,0.0,0.0,0.8471204,0.0,0.0,0.6755419,0.0,0.0,0.0,0.0,0.0,0.0,0.9515324,0.0,0.0,0.0,0.36074147,0.0,0.36631173,0.0,0.0,1.0448564,0.0,0.0,0.093006104,0.046168014,0.46082175,0.41926667,0.005337479,0.0,0.0,0.6681598,0.0,0.0918244,0.115558006,0.0,0.0,0.8093688,0.22073196,0.105201185,0.0,0.0,0.0,0.0,1.1902701,0.52925,0.5212734,0.0,0.75774235,0.0,0.464795,0.0,0.8148974,0.0,0.0,0.45391092,0.0,0.0,0.7900772,0.0,0.18957019,0.0,0.33335462,0.0,0.0,0.0,0.0,0.020577937,0.6607287,0.0,0.0,0.28174448,0.562518,0.0,0.36075282,0.0,0.31887656,0.0,0.0,0.0,0.027658345,0.13326153,0.0,0.0,0.20783655
1.186216,0.35931322,0.0,1.1935519,0.0,0.0,0.0,1.102907,0.0,0.49924248,0.0,0.0,0.0,0.0,0.0,0.12256604,0.0,1.6122016,0.0,0.0,1.2609699,0.0,0.0,0.0,0.79044086,0.0,0.0,0.9544618,0.0,0.0,0.0,0.9307581,0.0,0.0,0.0,0.0,0.009738901,0.8921365,0.0,1.2307227,0.33099642,0.32279798,0.0,0.0,0.6602979,0.48545995,0.23615009,0.0,0.0,0.0,0.66782516,0.0,0.92699575,0.0,0.0,0.0,0.2532,0.0,0.0,0.34063557,1.3109802,0.77338064,0.0,0.7233961,0.0,0.1750285,0.0,1.4982458,0.0,0.0,0.33043906,0.0,0.0,1.1155143,0.0,0.39171103,0.0,1.504245,0.0,0.0,0.0,0.0,0.34436527,0.28019595,0.0,0.0,0.14936642,0.0,0.0,0.0,0.0,0.5993272,0.0,0.0,0.7634913,0.18281901,0.0,0.68400663,0.0,0.0
2.2156165,0.76184297,0.0,0.61351794,0.0,0.0,0.0,1.1791127,0.47989044,0.0,0.50305796,0.0,0.0,0.0,0.0,0.0,0.0,1.8799666,0.0,0.0,1.478668,0.0,0.0,0.0,0.0,0.0,0.0,1.8013295,0.0,0.32336915,0.0,0.6061181,0.0,1.4542248,0.0,0.0,1.9532672,0.0,0.0,0.0,0.0,0.0,0.0,0.0,0.0,0.02891558,0.0,0.0,0.12528418,0.07376855,0.08420693,0.0,1.4007844,0.0,0.1887205,0.0,0.0,0.0,0.0,1.5600007,2.168245,1.8354058,0.0,2.1058106,0.0,0.70897,0.26016745,2.2396214,0.0,0.0,1.7976946,0.0,0.0,1.8004513,0.06089834,0.69883114,0.7290084,1.4367067,0.0,0.0,0.0,0.0,0.06619736,0.4448988,0.07833303,0.0,0.0,0.2344518,0.0,0.0,0.22313586,0.0,0.0,0.0,0.0,1.0219041,0.12888291,0.0,0.0,0.0
